[
    {
        "pID": 34,
        "pName": "Epic 1",
        "pStart": "2022-03-26",
        "pEnd": "2022-04-22 23:59:59",
        "pClass": "g-custom-task",
        "pLink": "",
        "pMile": 0,
        "pRes": "",
        "pComp": 52,
        "pGroup": 1,
        "pParent": 0,
        "pOpen": 1,
        "pDepend": "",
        "pCaption": "",
        "pNotes": "",
        "pBarText": ""
    },
    {
        "pID": 341,
        "pName": "Issue 1",
        "pStart": "",
        "pEnd": "",
        "pClass": "",
        "pLink": "",
        "pMile": 0,
        "pRes": "Manager",
        "pComp": 100,
        "pGroup": 0,
        "pParent": 34,
        "pOpen": 1,
        "pDepend": "",
        "pCaption": "",
        "pNotes": "",
        "pBarText": ""
    }
]
